{
  "n_features": 48,
  "test_results": {
    "Isolation Forest": {
      "precision": 0.4912,
      "recall": 0.5662,
      "f1": 0.5261,
      "roc_auc": 0.858,
      "fpr": 9.97
    },
    "Random Forest": {
      "precision": 0.9961,
      "recall": 0.9969,
      "f1": 0.9965,
      "roc_auc": 1.0,
      "fpr": 0.07
    },
    "Autoencoder": {
      "precision": 0.7137,
      "recall": 0.7237,
      "f1": 0.7187,
      "roc_auc": 0.912,
      "fpr": 4.94
    },
    "LSTM": {
      "precision": 0.2682,
      "recall": 0.3236,
      "f1": 0.2933,
      "roc_auc": 0.6911,
      "fpr": 14.97
    }
  },
  "ensemble": {
    "weights": {
      "iso": 0.20734732066514677,
      "rf": 0.39418606377741044,
      "ae": 0.2830559243147157,
      "lstm": 0.11541069124272713
    },
    "threshold": 0.31896569453900137,
    "roc_auc_val": 0.9997083715298976
  }
}